Frequency,RinV
500.0,0.020182614
504.0,0.017812927000000003
508.0,0.013833371999999997
550.0,0.020256163000000004
554.0,0.018243225000000002
558.0,1.4616756000000002
